,Pos,Peptide,ID,Rank,nM,Raph_IDs,peptide_ref,HLA,Diff
87,0,KLPDDFTGC,PEPLIST,0.6675,2.6495,KLPDDFTGC_ref,KLPDDFTGC,HLA-A02:01,0.0
88,0,KLPNDFTGC,PEPLIST,1.8745,4.9426,KLPNDFTGC,KLPDDFTGC,HLA-A02:01,-1.207
89,0,KLPDDFIGC,PEPLIST,0.4666,1.7778,KLPDDFIGC,KLPDDFTGC,HLA-A02:01,0.20089999999999997
90,0,KLPVDFTGC,PEPLIST,3.8565,7.1314,KLPVDFTGC,KLPDDFTGC,HLA-A02:01,-3.189
91,0,LLLDRLNQL,PEPLIST,0.0208,0.1398,LLLDRLNQL_ref,LLLDRLNQL,HLA-A02:01,0.0
92,0,LLLDRLKQL,PEPLIST,0.0764,0.6512,LLLDRLKQL,LLLDRLNQL,HLA-A02:01,-0.0556
93,0,LLLDRLNHL,PEPLIST,0.03,0.1548,LLLDRLNHL,LLLDRLNQL,HLA-A02:01,-0.0092
94,0,LLFDRLNQL,PEPLIST,0.0142,0.0826,LLFDRLNQL,LLLDRLNQL,HLA-A02:01,0.006599999999999998
95,0,LLLDRLNQF,PEPLIST,1.1449,5.0423,LLLDRLNQF,LLLDRLNQL,HLA-A02:01,-1.1241
96,0,LLLLDRLNQL,PEPLIST,0.4929,1.1237,LLLLDRLNQL_ref,LLLLDRLNQL,HLA-A02:01,0.0
97,0,FLLLDRLNQL,PEPLIST,0.0954,0.1806,FLLLDRLNQL,LLLLDRLNQL,HLA-A02:01,0.3975
98,0,LLLLDRLNHL,PEPLIST,0.7114,1.1467,LLLLDRLNHL,LLLLDRLNQL,HLA-A02:01,-0.21850000000000003
99,0,LLLFDRLNQL,PEPLIST,0.3315,0.6808,LLLFDRLNQL,LLLLDRLNQL,HLA-A02:01,0.1614
100,0,LLLLDRLNQF,PEPLIST,6.3978,11.6606,LLLLDRLNQF,LLLLDRLNQL,HLA-A02:01,-5.9049000000000005
101,0,LLLLDRLKQL,PEPLIST,1.5423,3.0268,LLLLDRLKQL,LLLLDRLNQL,HLA-A02:01,-1.0493999999999999
230,0,TLNDLNETL,PEPLIST,0.0444,0.494,TLNDLNETL_ref,TLNDLNETL,HLA-A02:01,0.0
231,0,TFNDLNETL,PEPLIST,3.3332,11.9457,TFNDLNETL,TLNDLNETL,HLA-A02:01,-3.2888
232,0,TLNNLNETL,PEPLIST,0.1915,1.2072,TLNNLNETL,TLNDLNETL,HLA-A02:01,-0.1471
233,0,TLNDLNEIL,PEPLIST,0.2241,1.1506,TLNDLNEIL,TLNDLNETL,HLA-A02:01,-0.1797
234,0,ILNDLNETL,PEPLIST,0.0179,0.1452,ILNDLNETL,TLNDLNETL,HLA-A02:01,0.026500000000000003
235,0,TLNDLNENL,PEPLIST,0.0776,0.6699,TLNDLNENL,TLNDLNETL,HLA-A02:01,-0.0332
236,0,TLNDLNEAL,PEPLIST,0.088,0.5877,TLNDLNEAL,TLNDLNETL,HLA-A02:01,-0.04359999999999999
60,0,FTALTQHGK,PEPLIST,0.8024,1.0928,FTALTQHGK_ref,FTALTQHGK,HLA-A03:01,0.0
61,0,YTALTQHGK,PEPLIST,0.6018,0.9557,YTALTQHGK,FTALTQHGK,HLA-A03:01,0.2006
62,0,FTAFTQHGK,PEPLIST,0.6497,0.6972,FTAFTQHGK,FTALTQHGK,HLA-A03:01,0.15269999999999995
63,0,FTSLTQHGK,PEPLIST,0.8361,1.1549,FTSLTQHGK,FTALTQHGK,HLA-A03:01,-0.03369999999999995
185,0,RVKNLNSSR,PEPLIST,0.457,1.2123,RVKNLNSSR_ref,RVKNLNSSR,HLA-A03:01,0.0
186,0,RVKNLNSSI,PEPLIST,5.5774,9.4861,RVKNLNSSI,RVKNLNSSR,HLA-A03:01,-5.1204
187,0,RIKNLNSSR,PEPLIST,0.5063,1.0733,RIKNLNSSR,RVKNLNSSR,HLA-A03:01,-0.049299999999999955
188,0,LVKNLNSSR,PEPLIST,2.3805,3.9912,LVKNLNSSR,RVKNLNSSR,HLA-A03:01,-1.9235
189,0,RFKNLNSSR,PEPLIST,3.2293,4.79,RFKNLNSSR,RVKNLNSSR,HLA-A03:01,-2.7723
190,0,RVKNLNSFR,PEPLIST,0.45,0.633,RVKNLNSFR,RVKNLNSSR,HLA-A03:01,0.007000000000000006
191,0,CVKNLNSSR,PEPLIST,3.1848,3.6386,CVKNLNSSR,RVKNLNSSR,HLA-A03:01,-2.7278000000000002
192,0,RVKNLKSSR,PEPLIST,0.7398,2.2338,RVKNLKSSR,RVKNLNSSR,HLA-A03:01,-0.2828
64,0,FYVYSRVKNL,PEPLIST,1.3597,1.2055,FYVYSRVKNL_ref,FYVYSRVKNL,HLA-A24:02,0.0
65,0,FYIYSRVKNL,PEPLIST,1.0122,0.816,FYIYSRVKNL,FYVYSRVKNL,HLA-A24:02,0.3474999999999999
66,0,FYVYSRFKNL,PEPLIST,1.3078,0.5657,FYVYSRFKNL,FYVYSRVKNL,HLA-A24:02,0.051899999999999835
67,0,FYVYSCVKNL,PEPLIST,2.1588,0.8011,FYVYSCVKNL,FYVYSRVKNL,HLA-A24:02,-0.7990999999999999
68,0,FYFYSRVKNL,PEPLIST,1.0757,0.8114,FYFYSRVKNL,FYVYSRVKNL,HLA-A24:02,0.2839999999999998
69,0,FYVYSLVKNL,PEPLIST,1.374,0.8858,FYVYSLVKNL,FYVYSRVKNL,HLA-A24:02,-0.014300000000000201
70,0,FYLYSRVKNL,PEPLIST,1.0844,0.8391,FYLYSRVKNL,FYVYSRVKNL,HLA-A24:02,0.2752999999999999
71,0,FYVYSRIKNL,PEPLIST,1.2687,1.1028,FYVYSRIKNL,FYVYSRVKNL,HLA-A24:02,0.09099999999999997
78,0,HTTDPSFLGR,PEPLIST,0.0374,0.0942,HTTDPSFLGR_ref,HTTDPSFLGR,HLA-A68:01,0.0
79,0,YTTDPSFLGR,PEPLIST,0.0653,0.0836,YTTDPSFLGR,HTTDPSFLGR,HLA-A68:01,-0.027899999999999994
80,0,HTIDPSFLGR,PEPLIST,0.0053,0.0204,HTIDPSFLGR,HTTDPSFLGR,HLA-A68:01,0.032100000000000004
81,0,QTTDPSFLGR,PEPLIST,0.0797,0.2595,QTTDPSFLGR,HTTDPSFLGR,HLA-A68:01,-0.04229999999999999
82,0,HITDPSFLGR,PEPLIST,0.1739,0.2667,HITDPSFLGR,HTTDPSFLGR,HLA-A68:01,-0.1365
83,0,HTTDSSFLGR,PEPLIST,0.0843,0.0859,HTTDSSFLGR,HTTDPSFLGR,HLA-A68:01,-0.0469
84,0,HTTDLSFLGR,PEPLIST,0.0795,0.0442,HTTDLSFLGR,HTTDPSFLGR,HLA-A68:01,-0.0421
85,0,HTTNPSFLGR,PEPLIST,0.0802,0.0984,HTTNPSFLGR,HTTDPSFLGR,HLA-A68:01,-0.04279999999999999
86,0,HTTDHSFLGR,PEPLIST,0.0927,0.0924,HTTDHSFLGR,HTTDPSFLGR,HLA-A68:01,-0.0553
102,0,NAPRITFGGP,PEPLIST,52.2727,35.5045,NAPRITFGGP_ref,NAPRITFGGP,HLA-A68:01,0.0
103,0,NTPRITFGGP,PEPLIST,29.8182,21.9976,NTPRITFGGP,NAPRITFGGP,HLA-A68:01,22.4545
104,0,NAPRITFSGP,PEPLIST,46.3333,32.8294,NAPRITFSGP,NAPRITFGGP,HLA-A68:01,5.939399999999999
105,0,NAPCITFGGP,PEPLIST,49.0,26.5862,NAPCITFGGP,NAPRITFGGP,HLA-A68:01,3.2727000000000004
106,0,NALRITFGGP,PEPLIST,66.6667,35.5013,NALRITFGGP,NAPRITFGGP,HLA-A68:01,-14.394000000000005
107,0,NSPRITFGGP,PEPLIST,43.0,33.7288,NSPRITFGGP,NAPRITFGGP,HLA-A68:01,9.2727
108,0,NATRITFGGP,PEPLIST,61.6667,30.8952,NATRITFGGP,NAPRITFGGP,HLA-A68:01,-9.393999999999998
109,0,NASRITFGGP,PEPLIST,55.0,27.2492,NASRITFGGP,NAPRITFGGP,HLA-A68:01,-2.7272999999999996
110,0,NAPRITFGGL,PEPLIST,26.2353,16.3831,NAPRITFGGL,NAPRITFGGP,HLA-A68:01,26.0374
111,0,NAPRIAFGGP,PEPLIST,56.4286,38.778,NAPRIAFGGP,NAPRITFGGP,HLA-A68:01,-4.155900000000003
112,0,NAPRITFVGP,PEPLIST,42.2,32.1876,NAPRITFVGP,NAPRITFGGP,HLA-A68:01,10.072699999999998
113,0,NALRITFGGS,PEPLIST,55.7143,18.0934,NALRITFGGS,NAPRITFGGP,HLA-A68:01,-3.441600000000001
114,0,NALCITFGGP,PEPLIST,73.3333,26.7775,NALCITFGGP,NAPRITFGGP,HLA-A68:01,-21.060599999999994
115,0,NAPHITFGGP,PEPLIST,42.6,28.6374,NAPHITFGGP,NAPRITFGGP,HLA-A68:01,9.672699999999999
116,0,NALRITFCGP,PEPLIST,65.0,31.2089,NALRITFCGP,NAPRITFGGP,HLA-A68:01,-12.7273
117,0,NVPRITFGGP,PEPLIST,32.0667,23.5041,NVPRITFGGP,NAPRITFGGP,HLA-A68:01,20.206000000000003
118,0,NAPRIMFGGP,PEPLIST,57.1429,34.24,NAPRIMFGGP,NAPRITFGGP,HLA-A68:01,-4.870199999999997
119,0,NGPRITFGGP,PEPLIST,77.5,59.6695,NGPRITFGGP,NAPRITFGGP,HLA-A68:01,-25.2273
120,0,NAPRITFGGS,PEPLIST,26.5588,17.4803,NAPRITFGGS,NAPRITFGGP,HLA-A68:01,25.7139
121,0,NAFRITFGGP,PEPLIST,37.625,16.6224,NAFRITFGGP,NAPRITFGGP,HLA-A68:01,14.6477
122,0,NAPLITFGGP,PEPLIST,46.6667,31.1579,NAPLITFGGP,NAPRITFGGP,HLA-A68:01,5.606000000000002
123,0,NALRITFVGP,PEPLIST,57.1429,31.7368,NALRITFVGP,NAPRITFGGP,HLA-A68:01,-4.870199999999997
124,0,NAPRITFCGP,PEPLIST,52.2727,30.9546,NAPRITFCGP,NAPRITFGGP,HLA-A68:01,0.0
125,0,NALRITFGEP,PEPLIST,60.0,34.107,NALRITFGEP,NAPRITFGGP,HLA-A68:01,-7.7273
152,0,RITFGGPSDSTGSN,PEPLIST,100.0,87.8902,RITFGGPSDSTGSN_ref,RITFGGPSDSTGSN,HLA-A68:01,0.0
153,0,RITFGGPSGSTGSN,PEPLIST,100.0,87.7618,RITFGGPSGSTGSN,RITFGGPSDSTGSN,HLA-A68:01,0.0
154,0,RITFGGPSDSTDSN,PEPLIST,95.0,85.4593,RITFGGPSDSTDSN,RITFGGPSDSTGSN,HLA-A68:01,5.0
155,0,RITFGGPPDSTGSN,PEPLIST,90.0,86.6621,RITFGGPPDSTGSN,RITFGGPSDSTGSN,HLA-A68:01,10.0
156,0,RITFCGPSDSTGSN,PEPLIST,100.0,84.3004,RITFCGPSDSTGSN,RITFGGPSDSTGSN,HLA-A68:01,0.0
157,0,HITFGGPSDSTGSN,PEPLIST,100.0,85.0389,HITFGGPSDSTGSN,RITFGGPSDSTGSN,HLA-A68:01,0.0
158,0,RIMFGGPSDSTGSN,PEPLIST,100.0,79.6274,RIMFGGPSDSTGSN,RITFGGPSDSTGSN,HLA-A68:01,0.0
159,0,LITFGGPSDSTGSN,PEPLIST,100.0,87.2382,LITFGGPSDSTGSN,RITFGGPSDSTGSN,HLA-A68:01,0.0
160,0,RITFSGPSDSTGSN,PEPLIST,100.0,87.0027,RITFSGPSDSTGSN,RITFGGPSDSTGSN,HLA-A68:01,0.0
161,0,RITFGGPSDSAGSN,PEPLIST,100.0,89.3947,RITFGGPSDSAGSN,RITFGGPSDSTGSN,HLA-A68:01,0.0
162,0,RITFGGPSDSTGIN,PEPLIST,100.0,86.0627,RITFGGPSDSTGIN,RITFGGPSDSTGSN,HLA-A68:01,0.0
163,0,RITFGGPSYSTGSN,PEPLIST,100.0,75.112,RITFGGPSYSTGSN,RITFGGPSDSTGSN,HLA-A68:01,0.0
164,0,CITFGGPSDSTGSN,PEPLIST,100.0,85.397,CITFGGPSDSTGSN,RITFGGPSDSTGSN,HLA-A68:01,0.0
165,0,RITFGGPSDSTCSN,PEPLIST,100.0,76.5695,RITFGGPSDSTCSN,RITFGGPSDSTGSN,HLA-A68:01,0.0
166,0,RITFGEPSDSTGSN,PEPLIST,100.0,88.9334,RITFGEPSDSTGSN,RITFGGPSDSTGSN,HLA-A68:01,0.0
167,0,RITFGRPSDSTGSN,PEPLIST,100.0,87.9875,RITFGRPSDSTGSN,RITFGGPSDSTGSN,HLA-A68:01,0.0
168,0,RITFVGPSDSTGSN,PEPLIST,100.0,84.8557,RITFVGPSDSTGSN,RITFGGPSDSTGSN,HLA-A68:01,0.0
169,0,RITFGGPSDSTSSN,PEPLIST,95.0,82.2115,RITFGGPSDSTSSN,RITFGGPSDSTGSN,HLA-A68:01,5.0
170,0,RITFGGPSDSTGNN,PEPLIST,100.0,89.9591,RITFGGPSDSTGNN,RITFGGPSDSTGSN,HLA-A68:01,0.0
171,0,RITFGGPSDPTGSN,PEPLIST,95.0,86.1853,RITFGGPSDPTGSN,RITFGGPSDSTGSN,HLA-A68:01,5.0
172,0,RITFGGLSDSTGSN,PEPLIST,100.0,85.7318,RITFGGLSDSTGSN,RITFGGPSDSTGSN,HLA-A68:01,0.0
173,0,RITFGGSSDSTGSN,PEPLIST,95.0,86.304,RITFGGSSDSTGSN,RITFGGPSDSTGSN,HLA-A68:01,5.0
174,0,RITFGGPSDSIGSN,PEPLIST,100.0,85.5839,RITFGGPSDSIGSN,RITFGGPSDSTGSN,HLA-A68:01,0.0
175,0,RIAFGGPSDSTGSN,PEPLIST,100.0,87.1584,RIAFGGPSDSTGSN,RITFGGPSDSTGSN,HLA-A68:01,0.0
176,0,RITFGGPSDSTVSN,PEPLIST,90.0,72.6844,RITFGGPSDSTVSN,RITFGGPSDSTGSN,HLA-A68:01,10.0
177,0,RITFGGPSDSNGSN,PEPLIST,100.0,90.7678,RITFGGPSDSNGSN,RITFGGPSDSTGSN,HLA-A68:01,0.0
178,0,RTIKVFTTV,PEPLIST,6.7316,9.2389,RTIKVFTTV_ref,RTIKVFTTV,HLA-A68:01,0.0
179,0,RTVKVFTTV,PEPLIST,8.1591,10.9522,RTVKVFTTV,RTIKVFTTV,HLA-A68:01,-1.4275000000000002
180,0,RTIKLFTTV,PEPLIST,8.4413,11.21,RTIKLFTTV,RTIKVFTTV,HLA-A68:01,-1.7096999999999998
181,0,RTIKVFITV,PEPLIST,6.9125,9.3575,RTIKVFITV,RTIKVFTTV,HLA-A68:01,-0.1808999999999994
182,0,STIKVFTTV,PEPLIST,3.5954,4.4268,STIKVFTTV,RTIKVFTTV,HLA-A68:01,3.1362
183,0,RAIKVFTTV,PEPLIST,12.4326,18.2462,RAIKVFTTV,RTIKVFTTV,HLA-A68:01,-5.7010000000000005
184,0,RIIKVFTTV,PEPLIST,12.0801,16.268,RIIKVFTTV,RTIKVFTTV,HLA-A68:01,-5.3485
193,0,STTTNIVTR,PEPLIST,0.0279,0.1781,STTTNIVTR_ref,STTTNIVTR,HLA-A68:01,0.0
194,0,STTTNIVTQ,PEPLIST,3.723,7.0909,STTTNIVTQ,STTTNIVTR,HLA-A68:01,-3.6951
195,0,STITNIVTR,PEPLIST,0.0069,0.0844,STITNIVTR,STTTNIVTR,HLA-A68:01,0.021
196,0,STTTNIITR,PEPLIST,0.034,0.213,STTTNIITR,STTTNIVTR,HLA-A68:01,-0.006100000000000001
197,0,STTTNIVIR,PEPLIST,0.1062,0.328,STTTNIVIR,STTTNIVTR,HLA-A68:01,-0.07830000000000001
198,0,SATTNIVTR,PEPLIST,0.1262,0.4478,SATTNIVTR,STTTNIVTR,HLA-A68:01,-0.0983
199,0,SITTNIVTR,PEPLIST,0.1443,0.459,SITTNIVTR,STTTNIVTR,HLA-A68:01,-0.1164
200,0,STTTNIVTW,PEPLIST,5.1646,12.935,STTTNIVTW,STTTNIVTR,HLA-A68:01,-5.1367
201,0,STTINIVTR,PEPLIST,0.0591,0.2557,STTINIVTR,STTTNIVTR,HLA-A68:01,-0.0312
202,0,ITTTNIVTR,PEPLIST,0.165,0.3833,ITTTNIVTR,STTTNIVTR,HLA-A68:01,-0.1371
203,0,GTTTNIVTR,PEPLIST,0.229,0.6806,GTTTNIVTR,STTTNIVTR,HLA-A68:01,-0.2011
204,0,TGSNVFQTR,PEPLIST,0.5794,0.9722,TGSNVFQTR_ref,TGSNVFQTR,HLA-A68:01,0.0
205,0,TGSSVFQTR,PEPLIST,0.4506,0.8602,TGSSVFQTR,TGSNVFQTR,HLA-A68:01,0.12880000000000003
206,0,TGSNVLQTR,PEPLIST,0.6341,1.2979,TGSNVLQTR,TGSNVFQTR,HLA-A68:01,-0.05469999999999997
207,0,TGSNVFQTH,PEPLIST,8.8595,19.7503,TGSNVFQTH,TGSNVFQTR,HLA-A68:01,-8.280100000000001
208,0,IGSNVFQTR,PEPLIST,1.5466,2.0988,IGSNVFQTR,TGSNVFQTR,HLA-A68:01,-0.9672
209,0,TGSNVFQTL,PEPLIST,16.7284,28.1625,TGSNVFQTL,TGSNVFQTR,HLA-A68:01,-16.149
210,0,TGFNVFQTR,PEPLIST,0.4086,0.596,TGFNVFQTR,TGSNVFQTR,HLA-A68:01,0.1708
211,0,TGSNGFQTR,PEPLIST,1.2336,2.4645,TGSNGFQTR,TGSNVFQTR,HLA-A68:01,-0.6542
33,0,EVQELYSPIFLIV,PEPLIST,2.4606,1.0948,EVQELYSPIFLIV_ref,EVQELYSPIFLIV,HLA-A68:02,0.0
34,0,EVQQLYSPIFLIV,PEPLIST,2.4746,1.2947,EVQQLYSPIFLIV,EVQELYSPIFLIV,HLA-A68:02,-0.014000000000000234
35,0,EVQELYAPIFLIV,PEPLIST,1.6923,0.6811,EVQELYAPIFLIV,EVQELYSPIFLIV,HLA-A68:02,0.7683
36,0,EVHELYSPIFLIV,PEPLIST,2.3846,0.8917,EVHELYSPIFLIV,EVQELYSPIFLIV,HLA-A68:02,0.07600000000000007
37,0,EVQELYSPIFXXV,PEPLIST,0.5273,0.2087,EVQELYSPIFXXV,EVQELYSPIFLIV,HLA-A68:02,1.9333
38,0,EVQELYSPIXXXX,PEPLIST,7.0098,12.7328,EVQELYSPIXXXX,EVQELYSPIFLIV,HLA-A68:02,-4.549200000000001
39,0,EVQELYSPIXXXV,PEPLIST,0.3676,0.3163,EVQELYSPIXXXV,EVQELYSPIFLIV,HLA-A68:02,2.093
40,0,EVQELYSPIXXIV,PEPLIST,1.0268,0.7138,EVQELYSPIXXIV,EVQELYSPIFLIV,HLA-A68:02,1.4338
41,0,EVLELYSPIFLIV,PEPLIST,2.4531,1.0138,EVLELYSPIFLIV,EVQELYSPIFLIV,HLA-A68:02,0.00749999999999984
42,0,EVQELYSLIFLIV,PEPLIST,5.7097,3.0302,EVQELYSLIFLIV,EVQELYSPIFLIV,HLA-A68:02,-3.2491
43,0,EVQELYFPIFLIV,PEPLIST,3.081,1.1183,EVQELYFPIFLIV,EVQELYSPIFLIV,HLA-A68:02,-0.6204000000000001
44,0,EVQEXXXXXFLIV,PEPLIST,2.7894,2.8639,EVQEXXXXXFLIV,EVQELYSPIFLIV,HLA-A68:02,-0.3288000000000002
45,0,EVQELYSPIFFIV,PEPLIST,2.3061,0.5283,EVQELYSPIFFIV,EVQELYSPIFLIV,HLA-A68:02,0.15450000000000008
46,0,EFQELYSPIFLIV,PEPLIST,25.25,10.6986,EFQELYSPIFLIV,EVQELYSPIFLIV,HLA-A68:02,-22.7894
47,0,EVQELYSPIFLIF,PEPLIST,15.3345,9.166,EVQELYSPIFLIF,EVQELYSPIFLIV,HLA-A68:02,-12.8739
48,0,EVQEFYSPIFLIV,PEPLIST,2.4378,0.8737,EVQEFYSPIFLIV,EVQELYSPIFLIV,HLA-A68:02,0.02279999999999971
49,0,EVKELYSPIFLIV,PEPLIST,2.4704,1.2398,EVKELYSPIFLIV,EVQELYSPIFLIV,HLA-A68:02,-0.009800000000000253
50,0,EVQELYSSIFLIV,PEPLIST,4.1539,1.49,EVQELYSSIFLIV,EVQELYSPIFLIV,HLA-A68:02,-1.6933000000000002
51,0,EVQELYSPIFLXX,PEPLIST,10.0769,12.7937,EVQELYSPIFLXX,EVQELYSPIFLIV,HLA-A68:02,-7.616300000000001
52,0,EVQELYPPIFLIV,PEPLIST,2.6414,1.9584,EVQELYPPIFLIV,EVQELYSPIFLIV,HLA-A68:02,-0.18080000000000007
53,0,EVQELHSPIFLIV,PEPLIST,2.4222,1.0984,EVQELHSPIFLIV,EVQELYSPIFLIV,HLA-A68:02,0.03839999999999977
54,0,EVQELYSPXXXIV,PEPLIST,2.1573,1.3814,EVQELYSPXXXIV,EVQELYSPIFLIV,HLA-A68:02,0.3032999999999997
55,0,EVQELYSPIFLXV,PEPLIST,0.8111,0.455,EVQELYSPIFLXV,EVQELYSPIFLIV,HLA-A68:02,1.6494999999999997
56,0,EVQELYXXXXLIV,PEPLIST,3.9432,3.0323,EVQELYXXXXLIV,EVQELYSPIFLIV,HLA-A68:02,-1.4826000000000001
57,0,EVQELXSPIFLIV,PEPLIST,2.3062,1.0426,EVQELXSPIFLIV,EVQELYSPIFLIV,HLA-A68:02,0.15439999999999987
58,0,EVQELYSPTFLIV,PEPLIST,3.1738,1.4693,EVQELYSPTFLIV,EVQELYSPIFLIV,HLA-A68:02,-0.7132000000000001
59,0,EIQELYSPIFLIV,PEPLIST,5.4476,2.2881,EIQELYSPIFLIV,EVQELYSPIFLIV,HLA-A68:02,-2.9870000000000005
72,0,HSSGVTREL,PEPLIST,0.3219,1.8318,HSSGVTREL_ref,HSSGVTREL,HLA-A68:02,0.0
73,0,HSSGVTHEL,PEPLIST,0.0441,0.3763,HSSGVTHEL,HSSGVTREL,HLA-A68:02,0.27780000000000005
74,0,HSSGVTCEL,PEPLIST,0.4613,0.8824,HSSGVTCEL,HSSGVTREL,HLA-A68:02,-0.13939999999999997
75,0,HGSGVTREL,PEPLIST,2.7312,9.7888,HGSGVTREL,HSSGVTREL,HLA-A68:02,-2.4093
76,0,HSSGVIREL,PEPLIST,0.1985,1.5259,HSSGVIREL,HSSGVTREL,HLA-A68:02,0.12340000000000001
77,0,YSSGVTREL,PEPLIST,0.3701,1.3497,YSSGVTREL,HSSGVTREL,HLA-A68:02,-0.048199999999999965
0,0,AADLDDFSKQLQ,PEPLIST,62.1429,83.9455,AADLDDFSKQLQ_ref,AADLDDFSKQLQ,HLA-B07:02,0.0
1,0,ASDLDDFSKQLQ,PEPLIST,75.0,90.979,ASDLDDFSKQLQ,AADLDDFSKQLQ,HLA-B07:02,-12.857100000000003
2,0,AADLDYFSKQLQ,PEPLIST,71.25,71.8509,AADLDYFSKQLQ,AADLDDFSKQLQ,HLA-B07:02,-9.107100000000003
3,0,AAYLDDFSKQLQ,PEPLIST,58.8889,63.4551,AAYLDDFSKQLQ,AADLDDFSKQLQ,HLA-B07:02,3.253999999999998
4,0,AANLDDFSKQLQ,PEPLIST,60.0,75.751,AANLDDFSKQLQ,AADLDDFSKQLQ,HLA-B07:02,2.1428999999999974
5,0,AADLDHFSKQLQ,PEPLIST,63.5714,69.5594,AADLDHFSKQLQ,AADLDDFSKQLQ,HLA-B07:02,-1.4284999999999997
6,0,AAHLDDFSKQLQ,PEPLIST,59.4444,68.2933,AAHLDDFSKQLQ,AADLDDFSKQLQ,HLA-B07:02,2.6984999999999957
7,0,AADLYDFSKQLQ,PEPLIST,61.4286,69.3992,AADLYDFSKQLQ,AADLDDFSKQLQ,HLA-B07:02,0.7142999999999944
8,0,AVDLDDFSKQLQ,PEPLIST,62.8571,84.1518,AVDLDDFSKQLQ,AADLDDFSKQLQ,HLA-B07:02,-0.7142000000000053
9,0,APRITFGGP,PEPLIST,1.1493,0.8981,APRITFGGP_ref,APRITFGGP,HLA-B07:02,0.0
10,0,VPRITFGGP,PEPLIST,1.6686,1.2049,VPRITFGGP,APRITFGGP,HLA-B07:02,-0.5193000000000001
11,0,APRIMFGGP,PEPLIST,1.7608,1.083,APRIMFGGP,APRITFGGP,HLA-B07:02,-0.6114999999999999
12,0,GPRITFGGP,PEPLIST,2.1036,1.6799,GPRITFGGP,APRITFGGP,HLA-B07:02,-0.9543000000000001
13,0,APRITFGGS,PEPLIST,1.5005,0.6753,APRITFGGS,APRITFGGP,HLA-B07:02,-0.35119999999999996
14,0,AFRITFGGP,PEPLIST,33.1818,33.9295,AFRITFGGP,APRITFGGP,HLA-B07:02,-32.032500000000006
15,0,APLITFGGP,PEPLIST,6.1249,5.2397,APLITFGGP,APRITFGGP,HLA-B07:02,-4.9756
16,0,ALRITFVGP,PEPLIST,27.1905,28.6024,ALRITFVGP,APRITFGGP,HLA-B07:02,-26.0412
17,0,APRITFCGP,PEPLIST,1.6587,1.1901,APRITFCGP,APRITFGGP,HLA-B07:02,-0.5094000000000001
18,0,ALRITFGEP,PEPLIST,18.9481,15.5145,ALRITFGEP,APRITFGGP,HLA-B07:02,-17.7988
19,0,TPRITFGGP,PEPLIST,1.7412,1.3385,TPRITFGGP,APRITFGGP,HLA-B07:02,-0.5919000000000001
20,0,APRITFSGP,PEPLIST,0.7632,0.7498,APRITFSGP,APRITFGGP,HLA-B07:02,0.3861
21,0,APCITFGGP,PEPLIST,10.8668,8.9014,APCITFGGP,APRITFGGP,HLA-B07:02,-9.7175
22,0,ALRITFGGP,PEPLIST,31.2667,22.1741,ALRITFGGP,APRITFGGP,HLA-B07:02,-30.1174
23,0,SPRITFGGP,PEPLIST,1.0889,0.7531,SPRITFGGP,APRITFGGP,HLA-B07:02,0.06040000000000001
24,0,ATRITFGGP,PEPLIST,24.4516,16.8622,ATRITFGGP,APRITFGGP,HLA-B07:02,-23.3023
25,0,ASRITFGGP,PEPLIST,29.1765,18.9989,ASRITFGGP,APRITFGGP,HLA-B07:02,-28.0272
26,0,APRITFGGL,PEPLIST,0.0136,0.0086,APRITFGGL,APRITFGGP,HLA-B07:02,1.1357
27,0,APRIAFGGP,PEPLIST,1.1067,0.79,APRIAFGGP,APRITFGGP,HLA-B07:02,0.04259999999999997
28,0,APRITFVGP,PEPLIST,0.8462,1.1722,APRITFVGP,APRITFGGP,HLA-B07:02,0.30310000000000004
29,0,ALRITFGGS,PEPLIST,32.1538,15.4623,ALRITFGGS,APRITFGGP,HLA-B07:02,-31.004499999999997
30,0,ALCITFGGP,PEPLIST,78.3333,72.6307,ALCITFGGP,APRITFGGP,HLA-B07:02,-77.184
31,0,APHITFGGP,PEPLIST,3.1308,3.115,APHITFGGP,APRITFGGP,HLA-B07:02,-1.9814999999999998
32,0,ALRITFCGP,PEPLIST,31.6667,21.0316,ALRITFCGP,APRITFGGP,HLA-B07:02,-30.5174
126,0,RANNTKGSL,PEPLIST,0.2884,0.2744,RANNTKGSL_ref,RANNTKGSL,HLA-B07:02,0.0
127,0,RVNNTKGLL,PEPLIST,1.0545,1.0756,RVNNTKGLL,RANNTKGSL,HLA-B07:02,-0.7661
128,0,RANNIKGSL,PEPLIST,0.2846,0.3011,RANNIKGSL,RANNTKGSL,HLA-B07:02,0.00379999999999997
129,0,RANSTKGSL,PEPLIST,0.2223,0.2195,RANSTKGSL,RANNTKGSL,HLA-B07:02,0.06609999999999999
130,0,RANNTRGSL,PEPLIST,0.1434,0.0571,RANNTRGSL,RANNTKGSL,HLA-B07:02,0.145
131,0,RANNTKGLL,PEPLIST,0.9335,0.9454,RANNTKGLL,RANNTKGSL,HLA-B07:02,-0.6451
132,0,RANNTKCSL,PEPLIST,0.5021,0.4444,RANNTKCSL,RANNTKGSL,HLA-B07:02,-0.2137
133,0,RVNNTKGSL,PEPLIST,0.3062,0.3021,RVNNTKGSL,RANNTKGSL,HLA-B07:02,-0.017800000000000038
134,0,RANNTKSSL,PEPLIST,0.151,0.1676,RANNTKSSL,RANNTKGSL,HLA-B07:02,0.1374
135,0,RTNNTKGSL,PEPLIST,0.7301,0.6628,RTNNTKGSL,RANNTKGSL,HLA-B07:02,-0.4417
251,0,YLQPRTFLL,PEPLIST,2.0084,2.6392,YLQPRTFLL_ref,YLQPRTFLL,HLA-B07:02,0.0
252,0,YLQPSTFLL,PEPLIST,2.9282,4.1978,YLQPSTFLL,YLQPRTFLL,HLA-B07:02,-0.9198
253,0,YLQSRTFLL,PEPLIST,3.2342,2.8571,YLQSRTFLL,YLQPRTFLL,HLA-B07:02,-1.2258
254,0,YLQLRTFLL,PEPLIST,4.8896,4.1117,YLQLRTFLL,YLQPRTFLL,HLA-B07:02,-2.8811999999999998
255,0,YLQPRIFLL,PEPLIST,3.0539,4.3076,YLQPRIFLL,YLQPRTFLL,HLA-B07:02,-1.0455
256,0,YSGVVTTV,PEPLIST,13.2238,23.7883,YSGVVTTV_ref,YSGVVTTV,HLA-B08:01,0.0
257,0,YSGVVTTF,PEPLIST,9.5467,23.1508,YSGVVTTF,YSGVVTTV,HLA-B08:01,3.677100000000001
258,0,YSGVVITV,PEPLIST,12.885,24.8137,YSGVVITV,YSGVVTTV,HLA-B08:01,0.3388000000000009
259,0,YSGVVTTI,PEPLIST,14.1184,22.3967,YSGVVTTI,YSGVVTTV,HLA-B08:01,-0.8945999999999987
260,0,YSGIVTTV,PEPLIST,12.2994,22.5111,YSGIVTTV,YSGVVTTV,HLA-B08:01,0.9244000000000003
261,0,YSGVVTIV,PEPLIST,24.6383,29.3104,YSGVVTIV,YSGVVTTV,HLA-B08:01,-11.4145
262,0,YSGVITTV,PEPLIST,12.4322,20.6995,YSGVITTV,YSGVVTTV,HLA-B08:01,0.7916000000000007
212,0,TLLALHRSY,PEPLIST,0.182,0.5809,TLLALHRSY_ref,TLLALHRSY,HLA-B15:01,0.0
213,0,TLLASHRSY,PEPLIST,0.1117,0.4821,TLLASHRSY,TLLALHRSY,HLA-B15:01,0.0703
214,0,TLLXXHRSY,PEPLIST,0.0677,0.416,TLLXXHRSY,TLLALHRSY,HLA-B15:01,0.1143
215,0,TLLAXXRSY,PEPLIST,0.1359,0.5701,TLLAXXRSY,TLLALHRSY,HLA-B15:01,0.0461
216,0,TLLALRRSY,PEPLIST,0.2818,0.7639,TLLALRRSY,TLLALHRSY,HLA-B15:01,-0.0998
217,0,TLLALHRSN,PEPLIST,33.9375,28.79,TLLALHRSN,TLLALHRSY,HLA-B15:01,-33.7555
218,0,TLLALHRNS,PEPLIST,31.0476,32.7126,TLLALHRNS,TLLALHRSY,HLA-B15:01,-30.8656
219,0,TLLALNRSY,PEPLIST,0.2051,0.6167,TLLALNRSY,TLLALHRSY,HLA-B15:01,-0.02310000000000001
220,0,TLLVLHRSY,PEPLIST,0.3794,1.1474,TLLVLHRSY,TLLALHRSY,HLA-B15:01,-0.19740000000000002
221,0,TLLALHRSD,PEPLIST,46.0,39.627,TLLALHRSD,TLLALHRSY,HLA-B15:01,-45.818
222,0,TLFALHRSY,PEPLIST,0.0493,0.1535,TLFALHRSY,TLLALHRSY,HLA-B15:01,0.13269999999999998
223,0,ILLALHRSY,PEPLIST,0.2007,0.4725,ILLALHRSY,TLLALHRSY,HLA-B15:01,-0.018699999999999994
224,0,TLLSLHRSY,PEPLIST,0.1462,0.6205,TLLSLHRSY,TLLALHRSY,HLA-B15:01,0.0358
225,0,TLLALYRSY,PEPLIST,0.3374,0.5395,TLLALYRSY,TLLALHRSY,HLA-B15:01,-0.15539999999999998
226,0,TLLALHRSS,PEPLIST,21.275,20.7421,TLLALHRSS,TLLALHRSY,HLA-B15:01,-21.093
227,0,TLLALHISY,PEPLIST,0.2485,0.8325,TLLALHISY,TLLALHRSY,HLA-B15:01,-0.0665
228,0,TLLALHRNY,PEPLIST,0.4913,1.3607,TLLALHRNY,TLLALHRSY,HLA-B15:01,-0.3093
229,0,TLLALHRSH,PEPLIST,3.3858,8.4955,TLLALHRSH,TLLALHRSY,HLA-B15:01,-3.2038
248,0,VPYNMRVI,PEPLIST,0.0538,0.0687,VPYNMRVI_ref,VPYNMRVI,HLA-B51:01,0.0
249,0,VPYNMRVV,PEPLIST,0.0663,0.1037,VPYNMRVV,VPYNMRVI,HLA-B51:01,-0.012499999999999997
250,0,IPYNMRVI,PEPLIST,0.0299,0.0312,IPYNMRVI,VPYNMRVI,HLA-B51:01,0.0239
237,0,TRFQTLLAL,PEPLIST,0.0225,0.0243,TRFQTLLAL_ref,TRFQTLLAL,HLA-C07:01,0.0
238,0,TRFQTLLVL,PEPLIST,0.0211,0.0185,TRFQTLLVL,TRFQTLLAL,HLA-C07:01,0.0013999999999999985
239,0,TKFQTLLAL,PEPLIST,0.8678,1.0667,TKFQTLLAL,TRFQTLLAL,HLA-C07:01,-0.8453
240,0,TSFQTLLAL,PEPLIST,1.4784,1.0067,TSFQTLLAL,TRFQTLLAL,HLA-C07:01,-1.4559
241,0,TRFQTLLAX,PEPLIST,0.5655,0.6553,TRFQTLLAX,TRFQTLLAL,HLA-C07:01,-0.543
242,0,TRFQTLFAL,PEPLIST,0.0436,0.0348,TRFQTLFAL,TRFQTLLAL,HLA-C07:01,-0.0211
243,0,TRFQXXXXL,PEPLIST,0.0164,0.0245,TRFQXXXXL,TRFQTLLAL,HLA-C07:01,0.006099999999999998
244,0,TRFQILLAL,PEPLIST,0.0354,0.0513,TRFQILLAL,TRFQTLLAL,HLA-C07:01,-0.012900000000000002
245,0,TRFQTLLXX,PEPLIST,0.4788,0.7668,TRFQTLLXX,TRFQTLLAL,HLA-C07:01,-0.4563
246,0,TRFQTLLSL,PEPLIST,0.01,0.0187,TRFQTLLSL,TRFQTLLAL,HLA-C07:01,0.012499999999999999
247,0,TRFQTLLAS,PEPLIST,3.9034,2.6034,TRFQTLLAS,TRFQTLLAL,HLA-C07:01,-3.8809
